OrderID,Buyer,Total,Date
21-13378-88165,mr250r17,9.0,2025-08-01T12:11:07.000Z
23-13376-78283,lorarnol-h2uigk74,14.99,2025-08-01T13:53:44.000Z
26-13374-52980,noangel53,12.99,2025-08-01T21:31:40.000Z
20-13383-56421,nayena65,15.0,2025-08-02T04:20:59.000Z
03-13411-90774,gi4n,49.69,2025-08-03T17:38:29.000Z
23-13386-70637,toxicrevolution406,69.99,2025-08-03T23:49:45.000Z
03-13413-66089,tjtett777,4.24,2025-08-04T01:17:24.000Z
13-13404-53118,sahil251,36.33,2025-08-04T19:58:40.000Z
11-13408-01634,2005michaelkorn,0.0,2025-08-05T01:11:59.000Z
27-13389-40498,shunsa-0,0.0,2025-08-05T16:52:51.000Z
15-13407-47166,zyphertradingvideogames,0.0,2025-08-06T04:13:19.000Z
13-13414-39463,andresturgeo_0,22.49,2025-08-07T01:37:41.000Z
11-13417-02495,jac75jac75,3.48,2025-08-07T02:56:44.000Z
26-13398-19554,brhu_5169,2.49,2025-08-07T12:58:00.000Z
08-13422-79647,andtre938,2.24,2025-08-07T15:53:03.000Z
14-13415-51584,fryholeyeah,9.99,2025-08-07T17:59:37.000Z
22-13405-58209,ipsceddie2009,32.99,2025-08-07T21:35:25.000Z
22-13405-89090,rebpe-4085,31.49,2025-08-07T23:22:55.000Z
17-13415-66898,quijor4,32.39,2025-08-08T18:27:10.000Z
07-13431-98810,princesspinkee,10.99,2025-08-09T13:36:12.000Z
22-13412-08364,bgag_35,73.66,2025-08-09T15:31:45.000Z
10-13429-77595,mickc44,27.99,2025-08-10T00:18:50.000Z
09-13433-93506,pagrom_5,29.99,2025-08-10T19:09:48.000Z
11-13432-59935,mbak1942,22.49,2025-08-11T00:56:09.000Z
10-13434-36160,car-9705144,0.0,2025-08-11T03:02:14.000Z
21-13420-09808,na-55892,24.0,2025-08-11T08:30:14.000Z
19-13423-90818,yu_jingjing0224,14.99,2025-08-11T13:17:29.000Z
17-13427-91835,roberlain_9,13.95,2025-08-11T18:38:55.000Z
18-13427-12651,alphaseeker,116.9,2025-08-11T20:24:28.000Z
04-13446-21522,katmc2527,16.28,2025-08-11T21:51:01.000Z
04-13446-35139,stillwatercustoms,20.0,2025-08-11T22:33:23.000Z
03-13447-96892,kryptocnightgaming1,39.95,2025-08-12T00:43:01.000Z
05-13446-08225,krilo4897,13.49,2025-08-12T02:08:59.000Z
03-13448-57420,bomoe_11,69.99,2025-08-12T04:26:31.000Z
03-13449-66710,pakitsulliva_0,24.99,2025-08-12T12:57:38.000Z
16-13433-25829,arowell95,19.99,2025-08-12T16:50:28.000Z
13-13438-14674,bmoonstone415,20.95,2025-08-12T19:18:46.000Z
10-13442-24588,soup-per-man,12.95,2025-08-12T20:57:55.000Z
04-13451-01533,7njdn35,9.99,2025-08-13T00:27:58.000Z
04-13451-41282,momof3boys82,34.95,2025-08-13T02:39:52.000Z
05-13452-29132,bgpa-27,17.95,2025-08-13T14:49:46.000Z
11-13447-82009,jaste25,19.99,2025-08-14T14:05:59.000Z
25-13430-01691,darkstar12657,104.77,2025-08-14T17:27:37.000Z
20-13436-58184,superdave94,2.49,2025-08-14T17:30:28.000Z
21-13436-78260,wpcorgan33,2.78,2025-08-15T02:48:19.000Z
09-13453-06957,fredric8,9.99,2025-08-15T03:15:59.000Z
12-13449-33262,nxnline-jr,22.99,2025-08-15T03:21:16.000Z
17-13448-30595,dol_23912,17.99,2025-08-16T17:52:56.000Z
25-13437-97104,johnmike_68,17.99,2025-08-16T18:57:38.000Z
08-13461-71093,da_33465,9.99,2025-08-17T02:30:01.000Z
22-13444-06306,julesspawn,14.99,2025-08-17T11:59:44.000Z
25-13446-70747,bigbassrippinlips801,15.0,2025-08-18T19:35:02.000Z
23-13452-87732,liveinlove93,20.81,2025-08-19T16:21:31.000Z
23-13454-97416,shakjoh_176,0.0,2025-08-20T02:06:28.000Z
26-13450-88428,shakjoh_176,0.0,2025-08-20T02:06:45.000Z
10-13472-45943,gmk,0.0,2025-08-20T02:40:59.000Z
03-13483-82560,diwill_376,27.71,2025-08-20T15:46:42.000Z
04-13482-65166,lawso-vicki,13.27,2025-08-20T15:59:34.000Z
24-13470-79661,puttyman2,77.5,2025-08-20T17:20:36.000Z
09-13476-57217,p7rdb_71,31.92,2025-08-20T19:10:14.000Z
14-13471-30477,sstech17,60.78,2025-08-21T02:07:48.000Z
20-13463-76855,difoddf-euasjsmm,15.0,2025-08-21T07:05:21.000Z
06-13482-93016,losm-1215,9.59,2025-08-21T07:42:20.000Z
16-13469-70475,bgh1027,22.49,2025-08-21T11:37:39.000Z
12-13476-66761,da_86820,32.14,2025-08-21T17:49:10.000Z
18-13469-30470,andlen_91,17.99,2025-08-21T21:37:48.000Z
07-13484-37980,rwmski60,12.88,2025-08-21T22:24:30.000Z
26-13458-75690,montiac1,12.9,2025-08-21T23:21:26.000Z
06-13486-07898,sylzlet_0,16.14,2025-08-22T00:13:23.000Z
06-13486-27097,frodus2,49.99,2025-08-22T01:22:18.000Z
11-13479-63279,5jbb9_0,10.99,2025-08-22T03:37:59.000Z
20-13468-96172,jagall3920,62.35,2025-08-22T14:24:42.000Z
16-13474-70819,lanmyn_58,39.99,2025-08-22T16:04:27.000Z
03-13493-10251,tailormadeshoe,32.15,2025-08-22T20:29:05.000Z
03-13496-14520,pennys-82,25.95,2025-08-23T17:47:34.000Z
01-13500-55629,jjklein85,0.0,2025-08-24T00:33:15.000Z
21-13473-56128,matthecossi-0,0.0,2025-08-24T05:54:38.000Z
18-13479-04073,sandra8banana,72.65,2025-08-24T15:11:25.000Z
25-13470-57632,mik-rosel,100.83,2025-08-24T18:55:26.000Z
04-13499-29682,jathom-4545,39.99,2025-08-24T21:26:57.000Z
04-13499-53816,januarygreen,18.0,2025-08-24T22:40:58.000Z
07-13496-71181,charge-58,69.99,2025-08-25T04:11:33.000Z
24-13489-26003,tedh6102,4.49,2025-08-25T11:04:06.000Z
23-13477-77497,minnym_12,35.52,2025-08-25T18:26:28.000Z
19-13484-20985,gmk,17.95,2025-08-25T23:05:19.000Z
06-13502-62438,lagu_786,35.99,2025-08-26T03:02:50.000Z
05-13505-32543,mikesbig,12.99,2025-08-26T12:19:19.000Z
24-13494-64672,mad3l1n3al3x,178.67,2025-08-26T14:58:14.000Z
25-13480-97016,carlosdj7,59.99,2025-08-27T01:27:44.000Z
03-13511-60818,lilspasc1,17.09,2025-08-27T11:18:47.000Z
04-13512-19553,lidia7481,79.95,2025-08-27T19:15:21.000Z
